archivo,algoritmo,tamano_original_bytes,tamano_comprimido_bytes,ratio_R,ahorro_pct_A,tamano_relativo_pct_P,tiempo_compresion_ms,tiempo_descompresion_ms,throughput_compresion_MBps_Vc,throughput_descompresion_MBps_Vd,overhead_cabecera_pct_O,integridad_ok
extra_1_senal_digital.bin,propio,1048576,8447,124.13590623890138,99.19443130493164,0.8055686950683594,149.47449997998774,49.11299981176853,6.6901043330727585,20.361207904885063,6.6887652420977854,True
extra_1_senal_digital.bin,xz-6,1048576,10816,96.94674556213018,98.968505859375,1.031494140625,203.67620000615716,104.48420001193881,4.90975381497578,9.570825061451739,,True
extra_1_senal_digital.bin,gzip-6,1048576,12882,81.39854059928582,98.77147674560547,1.2285232543945312,61.68700009584427,49.79839990846813,16.210870984912233,20.08096649366342,,True
extra_2_disperso.bin,propio,1048576,16167,64.85903383435394,98.45819473266602,1.5418052673339844,182.14779999107122,94.88620003685355,5.490047093893088,10.53894032653434,3.4947733036432242,True
extra_2_disperso.bin,xz-6,1048576,18824,55.70420739481513,98.20480346679688,1.795196533203125,214.1090000513941,87.55149994976819,4.670518286293257,11.42184886122728,,True
extra_2_disperso.bin,gzip-6,1048576,21171,49.52888385055028,97.98097610473633,2.019023895263672,45.16059998422861,39.53259997069836,22.14319562515177,25.2955788574797,,True
extra_3_estados.txt,propio,1048576,43373,24.175777557466628,95.86362838745117,4.136371612548828,255.15330000780523,255.86499995552003,3.9192124889993964,3.9083110240706684,1.3026537246674197,True
extra_3_estados.txt,xz-6,1048576,52264,20.06306444206337,95.01571655273438,4.984283447265625,492.15090018697083,90.01090005040169,2.031897126714783,11.109765588834787,,True
extra_3_estados.txt,gzip-6,1048576,57799,18.14176715860136,94.48785781860352,5.512142181396484,59.92159992456436,37.01650002039969,16.688472958981496,27.014979791414714,,True
extra_4_mascara_bn.bmp,propio,1049654,11554,90.84767180197335,98.8992563263704,1.1007436736295961,156.3341999426484,71.56730000860989,6.403129073998623,13.987226859091477,4.890081357105764,True
extra_4_mascara_bn.bmp,xz-6,1049654,10588,99.1361919153759,98.99128665255408,1.0087133474459202,218.95719994790852,95.54310003295541,4.571797872603585,10.477240748602506,,True
extra_4_mascara_bn.bmp,gzip-6,1049654,16535,63.4807378288479,98.42471900264277,1.5752809973572244,52.37599997781217,42.3252999316901,19.112342701564597,23.65082025475711,,True
extra_5_logo_bn.bmp,propio,1049654,4437,236.56840207347307,99.5772892781812,0.4227107218188089,130.66010014154017,25.59460001066327,7.661314049420613,39.11090857040296,12.733829163849448,True
extra_5_logo_bn.bmp,xz-6,1049654,1660,632.321686746988,99.84185264858706,0.1581473514129418,146.0148999467492,87.00689999386668,6.855656931437512,11.50515718849483,,True
extra_5_logo_bn.bmp,gzip-6,1049654,8641,121.47367202870038,99.17677634725348,0.823223652746524,43.00209996290505,38.919199956581,23.27858550574516,25.72067416673138,,True
extra_6_sensor.bin,propio,1048576,51863,20.218190231957273,95.05395889282227,4.946041107177734,267.14499993249774,280.87770007550716,3.7432854826131137,3.5602684005571614,1.0894086342864855,True
extra_6_sensor.bin,xz-6,1048576,43236,24.2523822740309,95.87669372558594,4.1233062744140625,441.3497999776155,92.32260007411242,2.2657764885148204,10.831584023816976,,True
extra_6_sensor.bin,gzip-6,1048576,61767,16.976314213091133,94.10943984985352,5.890560150146484,56.971400044858456,37.278000032529235,17.552666762842662,26.825473446198504,,True
extra_7_audio_silencios.raw,propio,1048576,222964,4.702893740693565,78.73649597167969,21.263504028320312,840.3260998893529,1369.3866999819875,1.1900142101163722,0.7302539158684349,0.25340413699072495,True
extra_7_audio_silencios.raw,xz-6,1048576,157100,6.67457670273711,85.01777648925781,14.982223510742188,201.27690001390874,97.91240002959967,4.9682800158930185,10.213210989595725,,True
extra_7_audio_silencios.raw,gzip-6,1048576,186906,5.61017837843622,82.17525482177734,17.824745178222656,45.39419990032911,40.76540004462004,22.029246075394532,24.530606811301826,,True
extra_8_texto_relleno.txt,propio,1048576,129209,8.115348002074159,87.67766952514648,12.322330474853516,520.5759999807924,573.6817000433803,1.9209491026034562,1.7431268941023963,0.43727604114264484,True
extra_8_texto_relleno.txt,xz-6,1048576,51604,20.319665142237035,95.07865905761719,4.9213409423828125,264.4402999430895,69.51249996200204,3.7815718716671065,14.385901824083941,,True
extra_8_texto_relleno.txt,gzip-6,1048576,90435,11.594802897108421,91.37544631958008,8.624553680419922,40.11860000900924,29.50909989885986,24.926094125304342,33.887851660247925,,True
