archivo,algoritmo,tamano_original_bytes,tamano_comprimido_bytes,ratio_R,ahorro_pct_A,tamano_relativo_pct_P,tiempo_compresion_ms,tiempo_descompresion_ms,throughput_compresion_MBps_Vc,throughput_descompresion_MBps_Vd,overhead_cabecera_pct_O,integridad_ok
prueba_1_pequena.txt,propio,64,603,0.10613598673300166,-842.1875,942.1875,0.09520900130155496,0.09374999899591785,0.6410649772145354,0.6510416736394594,93.69817578772802,True
prueba_1_pequena.txt,xz-6,64,112,0.5714285714285714,-75.0,175.0,5.1074579987471225,2.879458999814233,0.01195020228555421,0.021196744337716792,,True
prueba_1_pequena.txt,gzip-6,64,59,1.0847457627118644,7.8125,92.1875,2.1795000011479715,1.92191600035585,0.028004201063478767,0.0317574525830989,,True
prueba_2_texto_natural.txt,propio,102400,73465,1.393861022255496,28.256835937500004,71.7431640625,57.84924999898067,111.92516600021918,1.6881160948797218,0.872513783002196,0.7690737085687062,True
prueba_2_texto_natural.txt,xz-6,102400,1332,76.87687687687688,98.69921875,1.30078125,6.579332999535836,2.97350000073493,14.84287997079484,32.84218933104533,,True
prueba_2_texto_natural.txt,gzip-6,102400,1919,53.361125586242835,98.1259765625,1.8740234375000002,2.147791999959736,1.8377090000285534,45.468206419351,53.14021425507666,,True
prueba_3_alta_repeticion.txt,propio,102400,47563,2.15293400332191,53.5517578125,46.4482421875,41.780499999731546,74.66383300015877,2.3373643206909316,1.3079458430669149,1.1878981561297648,True
prueba_3_alta_repeticion.txt,xz-6,102400,208,492.3076923076923,99.796875,0.203125,4.930083001454477,2.7394169992476236,19.808236488349056,35.648552238239425,,True
prueba_3_alta_repeticion.txt,gzip-6,102400,914,112.03501094091904,99.107421875,0.892578125,2.1886249996896368,1.8375420004304033,44.61990976702194,53.145043747095954,,True
prueba_4_baja_repeticion.txt,propio,102400,102703,0.9970497453823159,-0.29589843749999734,100.2958984375,67.25562499923399,144.56000000063796,1.4520160953245511,0.6755412977280647,0.5501299864658287,True
prueba_4_baja_repeticion.txt,xz-6,102400,85868,1.1925280663343736,16.144531250000004,83.85546875,12.901000000056229,5.483832999743754,7.569665142204044,17.80802770700042,,True
prueba_4_baja_repeticion.txt,gzip-6,102400,85234,1.2013985029448342,16.763671874999996,83.236328125,3.559374999895226,2.0546249998005806,27.436347674205333,47.529962893218176,,True
